pdb,valid,peptide,pep_len,pep_chain,n_chains,chain_lens,allele
2P5E,True,SLLMWITQC,9,C,5,"A:276,B:100,C:9,D:194,E:241",MOLECULE: HLA CLASS I HISTOCOMPATIBILITY
2P5W,True,SLLMWITQC,9,C,5,"A:276,B:100,C:9,D:192,E:242",MOLECULE: HLA CLASS I HISTOCOMPATIBILITY
1AO7,False,LLFGYPVYV,9,C,5,"A:274,B:100,C:9,D:115,E:209",see title
1QSF,True,LLFGYPVAV,9,C,5,"A:274,B:100,C:9,D:200,E:243",see title
1QRN,True,LLFGYAVYV,9,C,5,"A:274,B:100,C:9,D:200,E:243",see title
2BNR,True,SLLMWITQC,9,C,5,"A:276,B:100,C:9,D:203,E:241",MOLECULE: HLA CLASS I HISTOCOMPATIBILITY
2GJ6,True,LLFGKPVYV,9,C,5,"A:275,B:100,C:9,D:200,E:243",see title
2F53,True,SLLMWITQC,9,C,5,"A:275,B:100,C:9,D:193,E:243",MOLECULE: HLA CLASS I HISTOCOMPATIBILITY
2F54,True,SLLMWITQC,9,C,10,"A:274,B:100,C:9,D:205,E:241,F:274,G:100,H:9,K:206,L:241",MOLECULE: HLA CLASS I HISTOCOMPATIBILITY
3QDG,True,ELAGIGILTV,10,C,5,"A:275,B:100,C:10,D:199,E:242",see title
3QEQ,True,AAGIGILTV,9,C,5,"A:275,B:100,C:9,D:194,E:243",see title
3QFJ,True,LLFGFPVYV,9,C,5,"A:275,B:100,C:9,D:200,E:245",see title
3GSN,True,NLVPMVATV,9,P,5,"H:274,P:9,L:100,A:199,B:243",see title
1OGA,True,GILGFVFTL,9,C,5,"A:276,B:100,C:9,D:200,E:241",MOLECULE: HLA CLASS I HISTOCOMPATIBILITY
3HG1,True,ELAGIGILTV,10,C,5,"A:276,B:100,C:10,D:194,E:244",?
3UTS,True,ALWGPDPAAA,10,C,10,"A:276,B:100,C:10,D:200,E:246,F:276,G:100,H:10,I:201,J:246",MOLECULE: HLA CLASS I HISTOCOMPATIBILITY
3UTQ,False,ALWGPDPAAA,10,C,3,"A:276,B:100,C:10",see title
5C0A,True,MVWGPDPLYV,10,C,10,"A:276,B:100,C:10,D:197,E:246,F:276,G:100,H:10,I:197,J:244",see title
5C0B,True,RQFGPDFPTI,10,C,10,"A:275,B:100,C:10,D:197,E:247,F:275,G:100,H:10,I:199,J:244",see title
5HHO,True,GILEFVFTL,9,C,5,"A:276,B:100,D:195,E:240,C:9",see title
5HHM,False,GILGLVFTL,9,C,10,"A:212,B:98,C:9,D:194,E:240,F:212,G:98,H:9,I:196,J:240",see title
5EU6,True,YLEPGPVTV,9,C,5,"A:276,B:100,C:9,D:204,E:244",see title
2VLR,True,GILGFVFTL,9,C,10,"A:276,B:100,C:9,D:199,E:240,F:276,G:100,H:9,I:199,J:240",MOLECULE: HLA CLASS I HISTOCOMPATIBILITY
4MJI,True,TAFTIPSI,8,C,10,"A:276,B:99,C:8,D:192,E:240,F:275,G:99,H:8,I:194,J:241",see title
5NME,True,SLYNTVATL,9,C,10,"A:276,B:100,C:9,D:201,E:242,F:276,G:100,H:9,I:200,J:241",see title
